Model,Deletion AUC (mean prob_after),Negative drop (%),Overall Pearson,Overall SSIM
EfficientNet-B2,0.1364318106226468,31.25,0.8924856978751566,0.8578785426347355
ResNet-50,0.10908122660281758,19.791666666666664,0.952028194319126,0.8848558694910745
MobileNet-V3,0.14051472627713035,25.0,0.9384891334140149,0.8414916895811662
